{
"lengthUnit": "mil",
"components": {
	"fields": ["COMPONENT_NO", "COMPONENT_NAME", "LAYER", "X_COORDINATE", "Y_COORDINATE", "ANGLE"],
	"rows": [
		[1, "LED1", "T", 196.85, 708.66, 0],
		[2, "LED2", "T", 547.24, 708.66, 0],
		[3, "LED3", "T", 889.76, 708.66, 0],
		[4, "LED4", "T", 196.85, 413.38, 0],
		[5, "LED5", "T", 889.76, 413.38, 0],
		[6, "LED6", "T", 196.85, 118.11, 0],
		[7, "LED7", "T", 547.24, 118.11, 0],
		[8, "LED8", "T", 889.76, 118.11, 0],
		[9, "R1", "B", 467.45, 689.55, 270],
		[10, "U1", "B", 688.5, 724.41, 90],
		[11, "USB3", "B", 553.94, 125.98, 180]
	]
},
"pins": {
	"fields": ["PIN_NO", "PIN_NAME", "PIN_X", "PIN_Y", "LAYER", "PIN_TYPE", "NET_NAME", "NET_TYPE", "PAD_SHAPE", "PAD_SIZEX", "PAD_SIZEY", "HOLE_SIZE", "PAD_ANGLE"],
	"rows": [
		[1, "LED1_1", 245.32, 708.66, "T", "SMD", "GND", "GND", "R", 90.55, 82.68, 0, 0],
		[2, "LED1_2", 148.37, 708.66, "T", "SMD", "LED1_2", "", "R", 61.02, 82.68, 0, 0],
		[3, "LED2_1", 595.71, 708.66, "T", "SMD", "GND", "GND", "R", 90.55, 82.68, 0, 0],
		[4, "LED2_2", 498.76, 708.66, "T", "SMD", "LED1_2", "", "R", 61.02, 82.68, 0, 0],
		[5, "LED3_1", 938.23, 708.66, "T", "SMD", "GND", "GND", "R", 90.55, 82.68, 0, 0],
		[6, "LED3_2", 841.28, 708.66, "T", "SMD", "LED1_2", "", "R", 61.02, 82.68, 0, 0],
		[7, "LED4_1", 245.32, 413.38, "T", "SMD", "GND", "GND", "R", 90.55, 82.68, 0, 0],
		[8, "LED4_2", 148.37, 413.38, "T", "SMD", "LED1_2", "", "R", 61.02, 82.68, 0, 0],
		[9, "LED5_1", 938.23, 413.38, "T", "SMD", "GND", "GND", "R", 90.55, 82.68, 0, 0],
		[10, "LED5_2", 841.28, 413.38, "T", "SMD", "LED1_2", "", "R", 61.02, 82.68, 0, 0],
		[11, "LED6_1", 245.32, 118.11, "T", "SMD", "GND", "GND", "R", 90.55, 82.68, 0, 0],
		[12, "LED6_2", 148.37, 118.11, "T", "SMD", "LED1_2", "", "R", 61.02, 82.68, 0, 0],
		[13, "LED7_1", 595.71, 118.11, "T", "SMD", "GND", "GND", "R", 90.55, 82.68, 0, 0],
		[14, "LED7_2", 498.76, 118.11, "T", "SMD", "LED1_2", "", "R", 61.02, 82.68, 0, 0],
		[15, "LED8_1", 938.23, 118.11, "T", "SMD", "GND", "GND", "R", 90.55, 82.68, 0, 0],
		[16, "LED8_2", 841.28, 118.11, "T", "SMD", "LED1_2", "", "R", 61.02, 82.68, 0, 0],
		[17, "R1_1", 467.45, 728.92, "B", "SMD", "GND", "GND", "R", 44.59, 54.21, 0, 90],
		[18, "R1_2", 467.45, 650.18, "B", "SMD", "U1_1", "", "R", 44.59, 54.21, 0, 90],
		[19, "U1_1", 579.48, 649.41, "B", "SMD", "U1_1", "", "O", 22.6, 80.24, 0, 270],
		[20, "U1_2", 579.48, 699.41, "B", "SMD", "GND", "GND", "O", 22.6, 80.24, 0, 270],
		[21, "U1_3", 579.48, 749.41, "B", "SMD", "VCC", "", "O", 22.6, 80.24, 0, 270],
		[22, "U1_4", 579.48, 799.41, "B", "SMD", "VCC", "", "O", 22.6, 80.24, 0, 270],
		[23, "U1_5", 797.52, 799.41, "B", "SMD", "LED1_2", "", "O", 22.6, 80.24, 0, 270],
		[24, "U1_6", 797.52, 749.41, "B", "SMD", "LED1_2", "", "O", 22.6, 80.24, 0, 270],
		[25, "U1_7", 797.52, 699.41, "B", "SMD", "U1_7", "", "O", 22.6, 80.24, 0, 270],
		[26, "U1_8", 797.52, 649.41, "B", "SMD", "VCC", "", "O", 22.6, 80.24, 0, 270],
		[27, "U1_9", 688.5, 724.41, "B", "SMD", "GND", "GND", "R", 78.74, 78.74, 0, 270],
		[28, "USB3_1", 605.11, 180.61, "B", "SMD", "VCC", "", "R", 15.75, 59.05, 0, 0],
		[29, "USB3_2", 579.52, 180.61, "B", "SMD", "USB3_2", "", "R", 15.75, 59.05, 0, 0],
		[30, "USB3_3", 553.93, 180.61, "B", "SMD", "USB3_3", "", "R", 15.75, 59.05, 0, 0],
		[31, "USB3_4", 528.34, 180.61, "B", "SMD", "USB3_4", "", "R", 15.75, 59.05, 0, 0],
		[32, "USB3_5", 502.76, 180.61, "B", "SMD", "GND", "GND", "R", 15.75, 59.05, 0, 0],
		[33, "USB3_6", 683.85, 179.62, "B", "SMD", "USB3_6", "", "R", 59.05, 47.24, 0, 0],
		[34, "USB3_7", 424.01, 179.62, "B", "SMD", "USB3_7", "", "R", 59.05, 47.24, 0, 0],
		[35, "USB3_8", 665.15, 71.35, "T", "DIP", "USB3_8", "", "O", 39.37, 78.74, 62.99, 0],
		[36, "USB3_8", 665.15, 71.35, "B", "DIP", "USB3_8", "", "O", 39.37, 78.74, 62.99, 0],
		[37, "USB3_9", 442.71, 71.35, "T", "DIP", "USB3_9", "", "O", 39.37, 78.74, 62.99, 0],
		[38, "USB3_9", 442.71, 71.35, "B", "DIP", "USB3_9", "", "O", 39.37, 78.74, 62.99, 0]
	]
}
}